[
  {
    "Sql": "INSERT INTO invoices (codigo, proveedor, nif, fecha, total, xml) VALUES (@codigo, @proveedor, @nif, @fecha, @total, @xml);",
    "Parameters": {
      "codigo": "CTI-20251212122357",
      "proveedor": "CTI Canarias SL",
      "nif": "B76543210",
      "fecha": "2025-12-05T00:00:00",
      "total": 788.92,
      "xml": "\u003C?xml version=\u00221.0\u0022 encoding=\u0022utf-8\u0022?\u003E\r\n\u003CFactura\u003E\r\n  \u003CCodigo\u003ECTI-20251212122357\u003C/Codigo\u003E\r\n  \u003CCabecera\u003E\r\n    \u003CProveedor\u003ECTI Canarias SL\u003C/Proveedor\u003E\r\n    \u003CNIF\u003EB76543210\u003C/NIF\u003E\r\n    \u003CDireccion\u003ECalle Tenerife 5, 38001, Las Palmas\u003C/Direccion\u003E\r\n    \u003CTelefono\u003E(\u002B34) 928 000 111\u003C/Telefono\u003E\r\n    \u003CFecha\u003E2025-12-05\u003C/Fecha\u003E\r\n    \u003CNumero\u003ECTI-20251212122357\u003C/Numero\u003E\r\n  \u003C/Cabecera\u003E\r\n  \u003CConceptos\u003E\r\n    \u003CConcepto\u003E\r\n      \u003CCodigo\u003ESRV-001\u003C/Codigo\u003E\r\n      \u003CDescripcion\u003EServicios de consultoria tecnica - 10h\u003C/Descripcion\u003E\r\n      \u003CCantidad\u003E10\u003C/Cantidad\u003E\r\n      \u003CPrecioUnitario\u003E60.00\u003C/PrecioUnitario\u003E\r\n      \u003CImporte\u003E600.00\u003C/Importe\u003E\r\n    \u003C/Concepto\u003E\r\n    \u003CConcepto\u003E\r\n      \u003CCodigo\u003ESRV-002\u003C/Codigo\u003E\r\n      \u003CDescripcion\u003E12\u003C/Descripcion\u003E\r\n      \u003CCantidad\u003E2\u003C/Cantidad\u003E\r\n      \u003CPrecioUnitario\u003E20.00\u003C/PrecioUnitario\u003E\r\n      \u003CImporte\u003E40.00\u003C/Importe\u003E\r\n    \u003C/Concepto\u003E\r\n    \u003CConcepto\u003E\r\n      \u003CCodigo\u003E2\u003C/Codigo\u003E\r\n      \u003CDescripcion\u003E2\u003C/Descripcion\u003E\r\n      \u003CCantidad\u003E0\u003C/Cantidad\u003E\r\n      \u003CPrecioUnitario\u003E0.00\u003C/PrecioUnitario\u003E\r\n      \u003CImporte\u003E0.00\u003C/Importe\u003E\r\n    \u003C/Concepto\u003E\r\n    \u003CConcepto\u003E\r\n      \u003CCodigo\u003E1\u003C/Codigo\u003E\r\n      \u003CDescripcion\u003E2\u003C/Descripcion\u003E\r\n      \u003CCantidad\u003E3\u003C/Cantidad\u003E\r\n      \u003CPrecioUnitario\u003E4.00\u003C/PrecioUnitario\u003E\r\n      \u003CImporte\u003E12.00\u003C/Importe\u003E\r\n    \u003C/Concepto\u003E\r\n  \u003C/Conceptos\u003E\r\n  \u003CPie\u003E\r\n    \u003CBaseImponible\u003E652.00\u003C/BaseImponible\u003E\r\n    \u003CIva\u003E136.92\u003C/Iva\u003E\r\n    \u003CTotal\u003E788.92\u003C/Total\u003E\r\n    \u003CObservaciones\u003E\u003C/Observaciones\u003E\r\n  \u003C/Pie\u003E\r\n\u003C/Factura\u003E"
    },
    "Timestamp": "2025-12-12T13:45:44.4292787Z"
  }
]