[
  {
    "Sql": "INSERT INTO invoices (codigo, proveedor, nif, fecha, total, xml) VALUES (@codigo, @proveedor, @nif, @fecha, @total, @xml);",
    "Parameters": {
      "codigo": "CTI-REC-20251212144137",
      "proveedor": "Servicios Atl\u00E1nticos SA",
      "nif": "B87654321",
      "fecha": "2025-11-05T00:00:00",
      "total": 847,
      "xml": "\u003C?xml version=\u00221.0\u0022 encoding=\u0022utf-16\u0022?\u003E\r\n\u003CFactura\u003E\r\n  \u003CCodigo\u003ECTI-REC-20251212144137\u003C/Codigo\u003E\r\n  \u003CCabecera\u003E\r\n    \u003CProveedor\u003EServicios Atl\u00E1nticos SA\u003C/Proveedor\u003E\r\n    \u003CNIF\u003EB87654321\u003C/NIF\u003E\r\n    \u003CDireccion\u003EAvenida Gran Canaria 45, 38002 Las Palmas\u003C/Direccion\u003E\r\n    \u003CTelefono\u003E(\u002B34) 928 333 444\u003C/Telefono\u003E\r\n    \u003CFecha\u003E2025-11-05\u003C/Fecha\u003E\r\n    \u003CNumero\u003EINV-2025-002\u003C/Numero\u003E\r\n  \u003C/Cabecera\u003E\r\n  \u003CConceptos\u003E\r\n    \u003CConcepto\u003E\r\n      \u003CCodigo\u003EPRD-001\u003C/Codigo\u003E\r\n      \u003CDescripcion\u003ESuministro de hardware\u003C/Descripcion\u003E\r\n      \u003CCantidad\u003E2\u003C/Cantidad\u003E\r\n      \u003CPrecioUnitario\u003E250\u003C/PrecioUnitario\u003E\r\n      \u003CImporte\u003E500\u003C/Importe\u003E\r\n    \u003C/Concepto\u003E\r\n    \u003CConcepto\u003E\r\n      \u003CCodigo\u003ESRV-010\u003C/Codigo\u003E\r\n      \u003CDescripcion\u003EInstalaci\u00F3n y soporte\u003C/Descripcion\u003E\r\n      \u003CCantidad\u003E5\u003C/Cantidad\u003E\r\n      \u003CPrecioUnitario\u003E40\u003C/PrecioUnitario\u003E\r\n      \u003CImporte\u003E200\u003C/Importe\u003E\r\n    \u003C/Concepto\u003E\r\n  \u003C/Conceptos\u003E\r\n  \u003CPie\u003E\r\n    \u003CBaseImponible\u003E700\u003C/BaseImponible\u003E\r\n    \u003CIva\u003E147\u003C/Iva\u003E\r\n    \u003CTotal\u003E847\u003C/Total\u003E\r\n    \u003CObservaciones\u003EPago a 30 d\u00EDas\u003C/Observaciones\u003E\r\n  \u003C/Pie\u003E\r\n\u003C/Factura\u003E"
    },
    "Timestamp": "2025-12-12T14:40:40.2034938Z"
  }
]