﻿<?xml version="1.0" encoding="utf-8"?>
<Factura>
  <Codigo>CTI-20251212144602</Codigo>
  <Cabecera>
    <Proveedor>CTI Canarias SL</Proveedor>
    <NIF>B76543210</NIF>
    <Direccion>Calle Tenerife 5, 38001, Las Palmas</Direccion>
    <Telefono>(+34) 928 000 111</Telefono>
    <Fecha>2025-12-12</Fecha>
    <Numero>CTI-20251212144602</Numero>
  </Cabecera>
  <Conceptos>
    <Concepto>
      <Codigo>SRV-001</Codigo>
      <Descripcion>Servicios de consultoria tecnica - 10h</Descripcion>
      <Cantidad>10</Cantidad>
      <PrecioUnitario>60.00</PrecioUnitario>
      <Importe>600.00</Importe>
    </Concepto>
    <Concepto>
      <Codigo>1</Codigo>
      <Descripcion>2</Descripcion>
      <Cantidad>3</Cantidad>
      <PrecioUnitario>4.00</PrecioUnitario>
      <Importe>12.00</Importe>
    </Concepto>
  </Conceptos>
  <Pie>
    <BaseImponible>612.00</BaseImponible>
    <Iva>128.52</Iva>
    <Total>740.52</Total>
    <Observaciones></Observaciones>
  </Pie>
</Factura>